"site" "image_url" "caption"
"Aldabra Atoll" "images/front_gallery/aldabra_1.jpeg" "Aldabra Atoll"
"Aldabra Atoll" "images/front_gallery/aldabra_2.jpeg" "Aldabra Atoll"
"Aldabra Atoll" "images/front_gallery/aldabra_3.jpeg" "Aldabra Atoll"
"Aldabra Atoll" "images/front_gallery/aldabra_4.jpeg" "Aldabra Atoll"
"Archipiélago de Revillagigedo" "images/front_gallery/archipielago_1.jpeg" "Archipiélago de Revillagigedo"
"Archipiélago de Revillagigedo" "images/front_gallery/archipielago_2.jpeg" "Archipiélago de Revillagigedo"
"Archipiélago de Revillagigedo" "images/front_gallery/archipielago_3.jpeg" "Archipiélago de Revillagigedo"
"Archipiélago de Revillagigedo" "images/front_gallery/archipielago_4.jpeg" "Archipiélago de Revillagigedo"
"Belize Barrier Reef Reserve System" "images/front_gallery/belize_1.jpg" "Belize Barrier Reef Reserve System"
"Belize Barrier Reef Reserve System" "images/front_gallery/belize_2.jpg" "Belize Barrier Reef Reserve System"
"Belize Barrier Reef Reserve System" "images/front_gallery/belize_3.jpg" "Belize Barrier Reef Reserve System"
"Belize Barrier Reef Reserve System" "images/front_gallery/belize_4.jpg" "Belize Barrier Reef Reserve System"
"Cocos Island National Park" "images/front_gallery/cocos_1.jpg" "Cocos Island National Park"
"Cocos Island National Park" "images/front_gallery/cocos_2.jpg" "Cocos Island National Park"
"Cocos Island National Park" "images/front_gallery/cocos_3.jpg" "Cocos Island National Park"
"Cocos Island National Park" "images/front_gallery/cocos_4.jpg" "Cocos Island National Park"
"Banc d'Arguin National Park" "images/front_gallery/darguin_1.jpg" "Banc d'Arguin National Park"
"Banc d'Arguin National Park" "images/front_gallery/darguin_2.jpg" "Banc d'Arguin National Park"
"Banc d'Arguin National Park" "images/front_gallery/darguin_3.jpg" "Banc d'Arguin National Park"
"Banc d'Arguin National Park" "images/front_gallery/darguin_4.jpg" "Banc d'Arguin National Park"
"Banc d'Arguin National Park" "images/front_gallery/darguin_5.jpg" "Banc d'Arguin National Park"
"Everglades National Park" "images/front_gallery/everglades_1.jpg" "Everglades National Park"
"Everglades National Park" "images/front_gallery/everglades_2.jpg" "Everglades National Park"
"Everglades National Park" "images/front_gallery/everglades_3.jpg" "Everglades National Park"
"Everglades National Park" "images/front_gallery/everglades_4.jpg" "Everglades National Park"
"Everglades National Park" "images/front_gallery/everglades_5.jpg" "Everglades National Park"
"Brazilian Atlantic Islands: Fernando de Noronha and Atol das Rocas Reserves" "images/front_gallery/fernandodenoronha_1.jpg" "Brazilian Atlantic Islands: Fernando de Noronha and Atol das Rocas Reserves"
"Brazilian Atlantic Islands: Fernando de Noronha and Atol das Rocas Reserves" "images/front_gallery/fernandodenoronha_2.jpg" "Brazilian Atlantic Islands: Fernando de Noronha and Atol das Rocas Reserves"
"Brazilian Atlantic Islands: Fernando de Noronha and Atol das Rocas Reserves" "images/front_gallery/fernandodenoronha_3.jpg" "Brazilian Atlantic Islands: Fernando de Noronha and Atol das Rocas Reserves"
"Brazilian Atlantic Islands: Fernando de Noronha and Atol das Rocas Reserves" "images/front_gallery/fernandodenoronha_4.jpg" "Brazilian Atlantic Islands: Fernando de Noronha and Atol das Rocas Reserves"
"Brazilian Atlantic Islands: Fernando de Noronha and Atol das Rocas Reserves" "images/front_gallery/fernandodenoronha_5.jpg" "Brazilian Atlantic Islands: Fernando de Noronha and Atol das Rocas Reserves"
"Brazilian Atlantic Islands: Fernando de Noronha and Atol das Rocas Reserves" "images/front_gallery/fernandodenoronha_6.jpg" "Brazilian Atlantic Islands: Fernando de Noronha and Atol das Rocas Reserves"
"Brazilian Atlantic Islands: Fernando de Noronha and Atol das Rocas Reserves" "images/front_gallery/fernandodenoronha_7.jpg" "Brazilian Atlantic Islands: Fernando de Noronha and Atol das Rocas Reserves"
"French Austral Lands and Seas" "images/front_gallery/frenchaustral_1.JPG" "French Austral Lands and Seas"
"French Austral Lands and Seas" "images/front_gallery/frenchaustral_2.JPG" "French Austral Lands and Seas"
"French Austral Lands and Seas" "images/front_gallery/frenchaustral_3.JPG" "French Austral Lands and Seas"
"French Austral Lands and Seas" "images/front_gallery/frenchaustral_4.JPG" "French Austral Lands and Seas"
"French Austral Lands and Seas" "images/front_gallery/frenchaustral_5.jpg" "French Austral Lands and Seas"
"iSimangaliso Wetland Park" "images/front_gallery/isimangaliso_1.JPG" "iSimangaliso Wetland Park"
"iSimangaliso Wetland Park" "images/front_gallery/isimangaliso_2.JPG" "iSimangaliso Wetland Park"
"iSimangaliso Wetland Park" "images/front_gallery/isimangaliso_3.JPG" "iSimangaliso Wetland Park"
"iSimangaliso Wetland Park" "images/front_gallery/isimangaliso_4.JPG" "iSimangaliso Wetland Park"
"Lord Howe Island Group" "images/front_gallery/lordhowe_1.jpg" "Lord Howe Island Group"
"Lord Howe Island Group" "images/front_gallery/lordhowe_2.jpg" "Lord Howe Island Group"
"Lord Howe Island Group" "images/front_gallery/lordhowe_3.jpg" "Lord Howe Island Group"
"Lord Howe Island Group" "images/front_gallery/lordhowe_4.jpg" "Lord Howe Island Group"
"Lord Howe Island Group" "images/front_gallery/lordhowe_5.jpg" "Lord Howe Island Group"
"Lagoons of New Caledonia: Reef Diversity and Associated Ecosystems" "images/front_gallery/newcaledonia_1.JPG" "Lagoons of New Caledonia: Reef Diversity and Associated Ecosystems"
"Lagoons of New Caledonia: Reef Diversity and Associated Ecosystems" "images/front_gallery/newcaledonia_2.JPG" "Lagoons of New Caledonia: Reef Diversity and Associated Ecosystems"
"Lagoons of New Caledonia: Reef Diversity and Associated Ecosystems" "images/front_gallery/newcaledonia_3.JPG" "Lagoons of New Caledonia: Reef Diversity and Associated Ecosystems"
"Lagoons of New Caledonia: Reef Diversity and Associated Ecosystems" "images/front_gallery/newcaledonia_4.jpg" "Lagoons of New Caledonia: Reef Diversity and Associated Ecosystems"
"Lagoons of New Caledonia: Reef Diversity and Associated Ecosystems" "images/front_gallery/newcaledonia_5.jpg" "Lagoons of New Caledonia: Reef Diversity and Associated Ecosystems"
"Ningaloo Coast" "images/front_gallery/ningaloo_1.jpg" "Ningaloo Coast"
"Ningaloo Coast" "images/front_gallery/ningaloo_2.jpg" "Ningaloo Coast"
"Ningaloo Coast" "images/front_gallery/ningaloo_3.jpg" "Ningaloo Coast"
"Ningaloo Coast" "images/front_gallery/ningaloo_4.jpg" "Ningaloo Coast"
"Ningaloo Coast" "images/front_gallery/ningaloo_5.jpg" "Ningaloo Coast"
"Peninsula Valdès" "images/front_gallery/peninsulavaldes_1.jpg" "Peninsula Valdès"
"Peninsula Valdès" "images/front_gallery/peninsulavaldes_2.jpg" "Peninsula Valdès"
"Peninsula Valdès" "images/front_gallery/peninsulavaldes_3.jpg" "Peninsula Valdès"
"Peninsula Valdès" "images/front_gallery/peninsulavaldes_4.jpg" "Peninsula Valdès"
"Gulf of Porto: Calanche of Piana, Gulf of Girolata, Scandola Reserve" "images/front_gallery/scandola_1.jpg" "Gulf of Porto: Calanche of Piana, Gulf of Girolata, Scandola Reserve"
"Gulf of Porto: Calanche of Piana, Gulf of Girolata, Scandola Reserve" "images/front_gallery/scandola_2.jpg" "Gulf of Porto: Calanche of Piana, Gulf of Girolata, Scandola Reserve"
"Gulf of Porto: Calanche of Piana, Gulf of Girolata, Scandola Reserve" "images/front_gallery/scandola_3.jpg" "Gulf of Porto: Calanche of Piana, Gulf of Girolata, Scandola Reserve"
"Gulf of Porto: Calanche of Piana, Gulf of Girolata, Scandola Reserve" "images/front_gallery/scandola_4.jpg" "Gulf of Porto: Calanche of Piana, Gulf of Girolata, Scandola Reserve"
"Gulf of Porto: Calanche of Piana, Gulf of Girolata, Scandola Reserve" "images/front_gallery/scandola_5.jpg" "Gulf of Porto: Calanche of Piana, Gulf of Girolata, Scandola Reserve"
"Shark Bay, Western Australia" "images/front_gallery/sharkbay_1.jpg" "Shark Bay, Western Australia"
"Shark Bay, Western Australia" "images/front_gallery/sharkbay_2.jpg" "Shark Bay, Western Australia"
"Shark Bay, Western Australia" "images/front_gallery/sharkbay_3.jpg" "Shark Bay, Western Australia"
"Shark Bay, Western Australia" "images/front_gallery/sharkbay_4.jpg" "Shark Bay, Western Australia"
"Shark Bay, Western Australia" "images/front_gallery/sharkbay_5.jpg" "Shark Bay, Western Australia"
"Shark Bay, Western Australia" "images/front_gallery/sharkbay_6.jpg" "Shark Bay, Western Australia"
"Socotra Archipelago" "images/front_gallery/socotra_1.jpg" "Socotra Archipelago"
"Socotra Archipelago" "images/front_gallery/socotra_2.jpg" "Socotra Archipelago"
"Socotra Archipelago" "images/front_gallery/socotra_3.jpg" "Socotra Archipelago"
"Socotra Archipelago" "images/front_gallery/socotra_4.jpg" "Socotra Archipelago"
"Socotra Archipelago" "images/front_gallery/socotra_5.jpg" "Socotra Archipelago"
"The Sundarbans" "images/front_gallery/sundarbans_1.JPG" "The Sundarbans"
"The Sundarbans" "images/front_gallery/sundarbans_2.JPG" "The Sundarbans"
"The Sundarbans" "images/front_gallery/sundarbans_3.JPG" "The Sundarbans"
"The Sundarbans" "images/front_gallery/sundarbans_4.JPG" "The Sundarbans"
"The Sundarbans" "images/front_gallery/sundarbans_5.JPG" "The Sundarbans"
"Tubbataha Reefs Natural Park" "images/front_gallery/tubbataha_1.jpg" "Tubbataha Reefs Natural Park"
"Tubbataha Reefs Natural Park" "images/front_gallery/tubbataha_2.jpg" "Tubbataha Reefs Natural Park"
"Tubbataha Reefs Natural Park" "images/front_gallery/tubbataha_3.jpg" "Tubbataha Reefs Natural Park"
"Tubbataha Reefs Natural Park" "images/front_gallery/tubbataha_4.jpg" "Tubbataha Reefs Natural Park"
"Wadden Sea" "images/front_gallery/wadden_1.jpg" "Wadden Sea"
"Wadden Sea" "images/front_gallery/wadden_2.JPG" "Wadden Sea"
"Wadden Sea" "images/front_gallery/wadden_3.JPG" "Wadden Sea"
"Wadden Sea" "images/front_gallery/wadden_4.jpeg" "Wadden Sea"
